IMEI,TKNO,LATITUDE,LONGITUDE,SPEED,DIRECTION,GPS_STATUS,ENGINE_STATUS,GPS_TIME,ALTITUDE
001000000111001,stairway-fifteen-m,12.680000,101.250000,0.0,0,Y,N,2026-03-01 07:00:00,5
001000000111001,stairway-fifteen-m,12.680000,101.250000,0.0,0,Y,N,2026-03-01 07:01:00,5
001000000111001,stairway-fifteen-m,12.680000,101.250000,0.0,0,Y,N,2026-03-01 07:02:00,5
001000000111001,stairway-fifteen-m,12.680000,101.250000,0.0,0,Y,N,2026-03-01 07:03:00,5
001000000111001,stairway-fifteen-m,12.680000,101.250000,0.0,0,Y,N,2026-03-01 07:04:00,5
001000000111001,stairway-fifteen-m,12.680000,101.250000,0.0,0,Y,N,2026-03-01 07:05:00,5
001000000111001,stairway-fifteen-m,12.680000,101.250000,0.0,0,Y,N,2026-03-01 07:06:00,5
001000000111001,stairway-fifteen-m,12.680000,101.250000,0.0,0,Y,N,2026-03-01 07:07:00,5
001000000111001,stairway-fifteen-m,12.680000,101.250000,0.0,0,Y,N,2026-03-01 07:08:00,5
001000000111001,stairway-fifteen-m,12.680000,101.250000,0.0,0,Y,N,2026-03-01 07:09:00,5
001000000111001,stairway-fifteen-m,12.680000,101.250000,0.0,0,Y,N,2026-03-01 07:10:00,5
001000000111001,stairway-fifteen-m,12.680000,101.250000,0.0,0,Y,N,2026-03-01 07:11:00,5
001000000111001,stairway-fifteen-m,12.680000,101.250000,0.0,0,Y,N,2026-03-01 07:12:00,5
001000000111001,stairway-fifteen-m,12.680000,101.250000,0.0,0,Y,N,2026-03-01 07:13:00,5
001000000111001,stairway-fifteen-m,12.680000,101.250000,0.0,0,Y,N,2026-03-01 07:14:00,5
001000000111001,stairway-fifteen-m,12.680000,101.250000,0.0,0,Y,N,2026-03-01 07:15:00,5
001000000111001,stairway-fifteen-m,12.680000,101.250000,0.0,0,Y,N,2026-03-01 07:16:00,5
001000000111001,stairway-fifteen-m,12.680000,101.250000,0.0,0,Y,N,2026-03-01 07:17:00,5
001000000111001,stairway-fifteen-m,12.680000,101.250000,0.0,0,Y,N,2026-03-01 07:18:00,5
001000000111001,stairway-fifteen-m,12.680000,101.250000,0.0,0,Y,N,2026-03-01 07:19:00,5
001000000111001,stairway-fifteen-m,12.680000,101.250000,0.0,0,Y,N,2026-03-01 07:20:00,5
001000000111001,stairway-fifteen-m,12.680000,101.250000,0.0,0,Y,N,2026-03-01 07:21:00,5
001000000111001,stairway-fifteen-m,12.680000,101.250000,0.0,0,Y,N,2026-03-01 07:22:00,5
001000000111001,stairway-fifteen-m,12.680000,101.250000,0.0,0,Y,N,2026-03-01 07:23:00,5
001000000111001,stairway-fifteen-m,12.680000,101.250000,0.0,0,Y,N,2026-03-01 07:24:00,5
001000000111001,stairway-fifteen-m,12.680000,101.250000,0.0,0,Y,N,2026-03-01 07:25:00,5
001000000111001,stairway-fifteen-m,12.680000,101.250000,0.0,0,Y,N,2026-03-01 07:26:00,5
001000000111001,stairway-fifteen-m,12.680000,101.250000,0.0,0,Y,N,2026-03-01 07:27:00,5
001000000111001,stairway-fifteen-m,12.680000,101.250000,0.0,0,Y,N,2026-03-01 07:28:00,5
001000000111001,stairway-fifteen-m,12.680000,101.250000,0.0,0,Y,N,2026-03-01 07:29:00,5
001000000111002,pluto-lake-d,13.578000,100.566000,0.0,0,Y,Y,2026-03-01 07:00:00,2
001000000111002,pluto-lake-d,13.578000,100.566000,0.0,0,Y,Y,2026-03-01 07:01:00,2
001000000111002,pluto-lake-d,13.578000,100.566000,0.0,0,Y,Y,2026-03-01 07:02:00,2
001000000111002,pluto-lake-d,13.578000,100.566000,0.0,0,Y,Y,2026-03-01 07:03:00,2
001000000111002,pluto-lake-d,13.578000,100.566000,0.0,0,Y,Y,2026-03-01 07:04:00,2
001000000111002,pluto-lake-d,13.578000,100.566000,0.0,0,Y,Y,2026-03-01 07:05:00,2
001000000111002,pluto-lake-d,13.578000,100.566000,0.0,0,Y,Y,2026-03-01 07:06:00,2
001000000111002,pluto-lake-d,13.578000,100.566000,0.0,0,Y,Y,2026-03-01 07:07:00,2
001000000111002,pluto-lake-d,13.578000,100.566000,0.0,0,Y,Y,2026-03-01 07:08:00,2
001000000111002,pluto-lake-d,13.578000,100.566000,0.0,0,Y,Y,2026-03-01 07:09:00,2
001000000111002,pluto-lake-d,13.578000,100.566000,0.0,0,Y,Y,2026-03-01 07:10:00,2
001000000111002,pluto-lake-d,13.580200,100.568200,21.0,180,Y,Y,2026-03-01 07:11:00,2
001000000111002,pluto-lake-d,13.580400,100.568400,22.0,180,Y,Y,2026-03-01 07:12:00,2
001000000111002,pluto-lake-d,13.580600,100.568600,23.0,180,Y,Y,2026-03-01 07:13:00,2
001000000111002,pluto-lake-d,13.580800,100.568800,24.0,180,Y,Y,2026-03-01 07:14:00,2
001000000111002,pluto-lake-d,13.581000,100.569000,25.0,180,Y,Y,2026-03-01 07:15:00,2
001000000111002,pluto-lake-d,13.581200,100.569200,26.0,180,Y,Y,2026-03-01 07:16:00,2
001000000111002,pluto-lake-d,13.581400,100.569400,27.0,180,Y,Y,2026-03-01 07:17:00,2
001000000111002,pluto-lake-d,13.581600,100.569600,28.0,180,Y,Y,2026-03-01 07:18:00,2
001000000111002,pluto-lake-d,13.581800,100.569800,29.0,180,Y,Y,2026-03-01 07:19:00,2
001000000111002,pluto-lake-d,13.582000,100.570000,30.0,180,Y,Y,2026-03-01 07:20:00,2
001000000111002,pluto-lake-d,13.582200,100.570200,31.0,180,Y,Y,2026-03-01 07:21:00,2
001000000111002,pluto-lake-d,13.582400,100.570400,32.0,180,Y,Y,2026-03-01 07:22:00,2
001000000111002,pluto-lake-d,13.582600,100.570600,33.0,180,Y,Y,2026-03-01 07:23:00,2
001000000111002,pluto-lake-d,13.582800,100.570800,34.0,180,Y,Y,2026-03-01 07:24:00,2
001000000111002,pluto-lake-d,13.583000,100.571000,35.0,180,Y,Y,2026-03-01 07:25:00,2
001000000111002,pluto-lake-d,13.583200,100.571200,36.0,180,Y,Y,2026-03-01 07:26:00,2
001000000111002,pluto-lake-d,13.583400,100.571400,37.0,180,Y,Y,2026-03-01 07:27:00,2
001000000111002,pluto-lake-d,13.583600,100.571600,38.0,180,Y,Y,2026-03-01 07:28:00,2
001000000111002,pluto-lake-d,13.583800,100.571800,39.0,180,Y,Y,2026-03-01 07:29:00,2
001000000111002,pluto-lake-d,13.584000,100.572000,40.0,180,Y,Y,2026-03-01 07:30:00,2
001000000111002,pluto-lake-d,13.584200,100.572200,10.0,180,Y,Y,2026-03-01 07:31:00,2
001000000111002,pluto-lake-d,13.584400,100.572400,11.0,180,Y,Y,2026-03-01 07:32:00,2
001000000111002,pluto-lake-d,13.584600,100.572600,12.0,180,Y,Y,2026-03-01 07:33:00,2
001000000111002,pluto-lake-d,13.584800,100.572800,13.0,180,Y,Y,2026-03-01 07:34:00,2
001000000111002,pluto-lake-d,13.585000,100.573000,14.0,180,Y,Y,2026-03-01 07:35:00,2
001000000111002,pluto-lake-d,13.585200,100.573200,15.0,180,Y,Y,2026-03-01 07:36:00,2
001000000111002,pluto-lake-d,13.585400,100.573400,16.0,180,Y,Y,2026-03-01 07:37:00,2
001000000111002,pluto-lake-d,13.585600,100.573600,17.0,180,Y,Y,2026-03-01 07:38:00,2
001000000111002,pluto-lake-d,13.585800,100.573800,18.0,180,Y,Y,2026-03-01 07:39:00,2
001000000111002,pluto-lake-d,13.586000,100.574000,19.0,180,Y,Y,2026-03-01 07:40:00,2
001000000111002,pluto-lake-d,13.586200,100.574200,20.0,180,Y,Y,2026-03-01 07:41:00,2
001000000111002,pluto-lake-d,13.586400,100.574400,21.0,180,Y,Y,2026-03-01 07:42:00,2
001000000111002,pluto-lake-d,13.586600,100.574600,22.0,180,Y,Y,2026-03-01 07:43:00,2
001000000111002,pluto-lake-d,13.586800,100.574800,23.0,180,Y,Y,2026-03-01 07:44:00,2
001000000111002,pluto-lake-d,13.578000,100.566000,0.0,0,Y,N,2026-03-01 07:45:00,2
001000000111002,pluto-lake-d,13.578000,100.566000,0.0,0,Y,N,2026-03-01 07:46:00,2
001000000111002,pluto-lake-d,13.578000,100.566000,0.0,0,Y,N,2026-03-01 07:47:00,2
001000000111002,pluto-lake-d,13.578000,100.566000,0.0,0,Y,N,2026-03-01 07:48:00,2
001000000111002,pluto-lake-d,13.578000,100.566000,0.0,0,Y,N,2026-03-01 07:49:00,2
001000000111002,pluto-lake-d,13.578000,100.566000,0.0,0,Y,N,2026-03-01 07:50:00,2
001000000111002,pluto-lake-d,13.578000,100.566000,0.0,0,Y,N,2026-03-01 07:51:00,2
001000000111002,pluto-lake-d,13.578000,100.566000,0.0,0,Y,N,2026-03-01 07:52:00,2
001000000111002,pluto-lake-d,13.578000,100.566000,0.0,0,Y,N,2026-03-01 07:53:00,2
001000000111002,pluto-lake-d,13.578000,100.566000,0.0,0,Y,N,2026-03-01 07:54:00,2
001000000111002,pluto-lake-d,13.578000,100.566000,0.0,0,Y,N,2026-03-01 07:55:00,2
001000000111002,pluto-lake-d,13.578000,100.566000,0.0,0,Y,N,2026-03-01 07:56:00,2
001000000111002,pluto-lake-d,13.578000,100.566000,0.0,0,Y,N,2026-03-01 07:57:00,2
001000000111002,pluto-lake-d,13.578000,100.566000,0.0,0,Y,N,2026-03-01 07:58:00,2
001000000111002,pluto-lake-d,13.578000,100.566000,0.0,0,Y,N,2026-03-01 07:59:00,2
001000000111003,mercury-ring-k,13.100000,101.000000,80.0,315,Y,Y,2026-03-01 07:30:00,10
001000000111003,mercury-ring-k,13.099000,100.999000,81.0,315,Y,Y,2026-03-01 07:31:00,10
001000000111003,mercury-ring-k,13.098000,100.998000,82.0,315,Y,Y,2026-03-01 07:32:00,10
001000000111003,mercury-ring-k,13.097000,100.997000,83.0,315,Y,Y,2026-03-01 07:33:00,10
001000000111003,mercury-ring-k,13.096000,100.996000,84.0,315,Y,Y,2026-03-01 07:34:00,10
001000000111003,mercury-ring-k,13.095000,100.995000,85.0,315,Y,Y,2026-03-01 07:35:00,10
001000000111003,mercury-ring-k,13.094000,100.994000,86.0,315,Y,Y,2026-03-01 07:36:00,10
001000000111003,mercury-ring-k,13.093000,100.993000,87.0,315,Y,Y,2026-03-01 07:37:00,10
001000000111003,mercury-ring-k,13.092000,100.992000,88.0,315,Y,Y,2026-03-01 07:38:00,10
001000000111003,mercury-ring-k,13.091000,100.991000,89.0,315,Y,Y,2026-03-01 07:39:00,10
001000000111003,mercury-ring-k,13.090000,100.990000,90.0,315,Y,Y,2026-03-01 07:40:00,10
001000000111003,mercury-ring-k,13.089000,100.989000,91.0,315,Y,Y,2026-03-01 07:41:00,10
001000000111003,mercury-ring-k,13.088000,100.988000,92.0,315,Y,Y,2026-03-01 07:42:00,10
001000000111003,mercury-ring-k,13.087000,100.987000,93.0,315,Y,Y,2026-03-01 07:43:00,10
001000000111003,mercury-ring-k,13.086000,100.986000,94.0,315,Y,Y,2026-03-01 07:44:00,10
001000000111003,mercury-ring-k,13.085000,100.985000,95.0,315,Y,Y,2026-03-01 07:45:00,10
001000000111003,mercury-ring-k,13.084000,100.984000,96.0,315,Y,Y,2026-03-01 07:46:00,10
001000000111003,mercury-ring-k,13.083000,100.983000,97.0,315,Y,Y,2026-03-01 07:47:00,10
001000000111003,mercury-ring-k,13.082000,100.982000,98.0,315,Y,Y,2026-03-01 07:48:00,10
001000000111003,mercury-ring-k,13.081000,100.981000,99.0,315,Y,Y,2026-03-01 07:49:00,10
001000000111003,mercury-ring-k,13.080000,100.980000,100.0,315,Y,Y,2026-03-01 07:50:00,10
001000000111003,mercury-ring-k,13.079000,100.979000,101.0,315,Y,Y,2026-03-01 07:51:00,10
001000000111003,mercury-ring-k,13.078000,100.978000,102.0,315,Y,Y,2026-03-01 07:52:00,10
001000000111003,mercury-ring-k,13.077000,100.977000,103.0,315,Y,Y,2026-03-01 07:53:00,10
001000000111003,mercury-ring-k,13.076000,100.976000,104.0,315,Y,Y,2026-03-01 07:54:00,10
001000000111003,mercury-ring-k,13.075000,100.975000,105.0,315,Y,Y,2026-03-01 07:55:00,10
001000000111003,mercury-ring-k,13.074000,100.974000,106.0,315,Y,Y,2026-03-01 07:56:00,10
001000000111003,mercury-ring-k,13.073000,100.973000,107.0,315,Y,Y,2026-03-01 07:57:00,10
001000000111003,mercury-ring-k,13.072000,100.972000,108.0,315,Y,Y,2026-03-01 07:58:00,10
001000000111003,mercury-ring-k,13.071000,100.971000,109.0,315,Y,Y,2026-03-01 07:59:00,10
001000000111003,mercury-ring-k,13.070000,100.970000,110.0,315,Y,Y,2026-03-01 08:00:00,10
001000000111003,mercury-ring-k,13.069000,100.969000,80.0,315,Y,Y,2026-03-01 08:01:00,10
001000000111003,mercury-ring-k,13.068000,100.968000,81.0,315,Y,Y,2026-03-01 08:02:00,10
001000000111003,mercury-ring-k,13.067000,100.967000,82.0,315,Y,Y,2026-03-01 08:03:00,10
001000000111003,mercury-ring-k,13.066000,100.966000,83.0,315,Y,Y,2026-03-01 08:04:00,10
001000000111003,mercury-ring-k,13.065000,100.965000,84.0,315,Y,Y,2026-03-01 08:05:00,10
001000000111003,mercury-ring-k,13.064000,100.964000,85.0,315,Y,Y,2026-03-01 08:06:00,10
001000000111003,mercury-ring-k,13.063000,100.963000,86.0,315,Y,Y,2026-03-01 08:07:00,10
001000000111003,mercury-ring-k,13.062000,100.962000,87.0,315,Y,Y,2026-03-01 08:08:00,10
001000000111003,mercury-ring-k,13.061000,100.961000,88.0,315,Y,Y,2026-03-01 08:09:00,10
001000000111003,mercury-ring-k,13.060000,100.960000,89.0,315,Y,Y,2026-03-01 08:10:00,10
001000000111003,mercury-ring-k,13.059000,100.959000,90.0,315,Y,Y,2026-03-01 08:11:00,10
001000000111003,mercury-ring-k,13.058000,100.958000,91.0,315,Y,Y,2026-03-01 08:12:00,10
001000000111003,mercury-ring-k,13.057000,100.957000,92.0,315,Y,Y,2026-03-01 08:13:00,10
001000000111003,mercury-ring-k,13.056000,100.956000,93.0,315,Y,Y,2026-03-01 08:14:00,10
001000000111003,mercury-ring-k,13.055000,100.955000,94.0,315,Y,Y,2026-03-01 08:15:00,10
001000000111003,mercury-ring-k,13.054000,100.954000,95.0,315,Y,Y,2026-03-01 08:16:00,10
001000000111003,mercury-ring-k,13.053000,100.953000,96.0,315,Y,Y,2026-03-01 08:17:00,10
001000000111003,mercury-ring-k,13.052000,100.952000,97.0,315,Y,Y,2026-03-01 08:18:00,10
001000000111003,mercury-ring-k,13.051000,100.951000,98.0,315,Y,Y,2026-03-01 08:19:00,10
001000000111003,mercury-ring-k,13.050000,100.950000,99.0,315,Y,Y,2026-03-01 08:20:00,10
001000000111003,mercury-ring-k,13.049000,100.949000,100.0,315,Y,Y,2026-03-01 08:21:00,10
001000000111003,mercury-ring-k,13.048000,100.948000,101.0,315,Y,Y,2026-03-01 08:22:00,10
001000000111003,mercury-ring-k,13.047000,100.947000,102.0,315,Y,Y,2026-03-01 08:23:00,10
001000000111003,mercury-ring-k,13.046000,100.946000,103.0,315,Y,Y,2026-03-01 08:24:00,10
001000000111003,mercury-ring-k,13.045000,100.945000,104.0,315,Y,Y,2026-03-01 08:25:00,10
001000000111003,mercury-ring-k,13.044000,100.944000,105.0,315,Y,Y,2026-03-01 08:26:00,10
001000000111003,mercury-ring-k,13.043000,100.943000,106.0,315,Y,Y,2026-03-01 08:27:00,10
001000000111003,mercury-ring-k,13.042000,100.942000,107.0,315,Y,Y,2026-03-01 08:28:00,10
001000000111003,mercury-ring-k,13.041000,100.941000,108.0,315,Y,Y,2026-03-01 08:29:00,10
